{"cameraMode":{"drawMode":0,"name":"Shaded","section":"Shading Mode"},"sceneLighting":true,"audioPlay":false,"sceneViewState":{"showFog":true,"showMaterialUpdate":false,"showSkybox":true,"showFlares":true,"showImageEffects":true,"showParticleSystems":true},"in2DMode":false,"pivot":{"x":-240.132568359375,"y":-245.36563110351563,"z":132.01731872558595},"rotation":{"x":-0.29316315054893496,"y":0.48132193088531496,"z":-0.17477524280548097,"w":-0.8073577880859375},"size":226.42083740234376,"orthographic":false}