{"cameraMode":{"drawMode":0,"name":"Shaded","section":"Shading Mode"},"sceneLighting":true,"audioPlay":false,"sceneViewState":{"showFog":true,"showMaterialUpdate":false,"showSkybox":true,"showFlares":true,"showImageEffects":true,"showParticleSystems":true},"in2DMode":false,"pivot":{"x":-5.174651145935059,"y":-262.35882568359377,"z":285.362060546875},"rotation":{"x":-0.348296582698822,"y":0.016026485711336137,"z":-0.005954877007752657,"w":-0.9372225403785706},"size":233.74948120117188,"orthographic":false}